text,label
Does commercial research involving a biological resource require biodiversity review?,Biodiversity_ABS
What are the WHO guidelines for traditional medicine?,WHO_Guidance
Can an invention involving traditional ingredients still have patentable features?,Patentability
What intellectual property issues arise from traditional knowledge?,Traditional_Knowledge
What are the regulatory requirements for an herbal medicine manufacturer?,AYUSH_Licensing
How do I identify the correct AYUSH regulatory category for my product?,AYUSH_Licensing
What WHO resources discuss safety monitoring of herbal medicines?,WHO_Guidance
Does packaging affect AYUSH product licensing requirements?,AYUSH_Licensing
What should a company check before using traditional medicinal knowledge?,Traditional_Knowledge
What risks should be considered when using concentrated plant extracts?,Safety
What makes an herbal invention patentable?,Patentability
What WHO resources explain herbal medicine regulation?,WHO_Guidance
What permissions are required to start an Ayurvedic medicine manufacturing business?,AYUSH_Licensing
Can an herbal product be manufactured without an AYUSH license?,AYUSH_Licensing
How should adverse events related to a traditional medicine be handled?,Safety
What is patent prior art?,Patentability
What WHO guidance is relevant to medicinal plant materials?,WHO_Guidance
What should a startup know about traditional medicine regulations?,Regulatory_Compliance
How can traditional knowledge be protected while preserving community control?,Traditional_Knowledge
What WHO guidance can help with traditional medicine research?,WHO_Guidance
What license applies to proprietary Ayurvedic medicines?,AYUSH_Licensing
What is the role of prior art in herbal patent applications?,Patentability
What WHO resources are useful for a traditional medicine project?,WHO_Guidance
What mechanisms exist to record traditional medicinal knowledge?,Traditional_Knowledge
Can I patent my herbal formulation?,Patentability
Where can I find official WHO documents about herbal medicine?,WHO_Guidance
What safety information should appear on an herbal medicine label?,Safety
How can traditional knowledge holders participate in benefit sharing?,Traditional_Knowledge
What rules apply to claims made about herbal products?,Regulatory_Compliance
Can herbal medicines cause side effects?,Safety
What does WHO say about traditional medicine policy and regulation?,WHO_Guidance
What does WHO recommend for evaluating traditional medicine products?,WHO_Guidance
How can I create a compliance checklist for a new herbal product?,Regulatory_Compliance
Which authority handles licensing for Ayurvedic medicines?,AYUSH_Licensing
How can I find official WIPO guidance on traditional knowledge?,WIPO_Guidance
What precautions should users take with herbal medicines?,Safety
What quality issues can make an herbal medicine unsafe?,Safety
What regulatory checks should be completed before launching a traditional medicine product?,Regulatory_Compliance
What biodiversity compliance issues affect herbal product development?,Biodiversity_ABS
What safety concerns should be considered during pregnancy?,Safety
How does WIPO discuss intellectual property rights for traditional knowledge?,WIPO_Guidance
How can I legally manufacture an Ayurvedic medicine?,AYUSH_Licensing
Does the product category affect the AYUSH license required?,AYUSH_Licensing
Can a novel combination of ingredients be patentable?,Patentability
What authorization is needed for contract manufacturing of an Ayurvedic product?,AYUSH_Licensing
How does WHO approach regulation of traditional medicine?,WHO_Guidance
How should the safety profile of a new herbal ingredient be evaluated?,Safety
How can local communities be connected to benefit sharing?,Biodiversity_ABS
Can I patent an invention based on a medicinal plant?,Patentability
What is the connection between biodiversity law and traditional knowledge?,Biodiversity_ABS
What patent documentation should I prepare for my invention?,Patentability
What regulatory requirements apply to product claims and advertisements?,Regulatory_Compliance
What WIPO information is available for policymakers on traditional knowledge?,WIPO_Guidance
What manufacturing standards are linked to AYUSH licensing?,AYUSH_Licensing
How can I search WIPO resources for traditional knowledge information?,WIPO_Guidance
Can I patent a technical solution involving traditional medicine?,Patentability
What regulations should I check before importing herbal ingredients?,Regulatory_Compliance
What does WIPO say about biopiracy and traditional knowledge?,WIPO_Guidance
What is the difference between patenting a product and a process?,Patentability
Do biodiversity laws apply to medicinal plants?,Biodiversity_ABS
What safety information is important when developing a traditional medicine?,Safety
What biodiversity compliance should be considered before collecting medicinal plants?,Biodiversity_ABS
How can benefit sharing affect a herbal business?,Biodiversity_ABS
What license applies to classical Ayurvedic medicines?,AYUSH_Licensing
Are there risks associated with this medicinal plant?,Safety
Can an herbal extraction technique be protected through a patent?,Patentability
How can I avoid regulatory problems when developing a traditional medicine product?,Regulatory_Compliance
Where can I find WHO information about traditional medicine?,WHO_Guidance
How can I identify the correct biodiversity authority for my project?,Biodiversity_ABS
What approval is needed for a new Ayurvedic medicine?,AYUSH_Licensing
What WHO guidance exists for traditional medicine?,WHO_Guidance
What safety concerns should be considered for herbal products used by children?,Safety
What are the patent requirements for a new herbal formulation?,Patentability
Can an herbal product have both product and process patent claims?,Patentability
Where can I find WHO technical guidance on medicinal plants?,WHO_Guidance
What is the legal status of this medicinal plant?,Regulatory_Compliance
What is biopiracy in the context of traditional knowledge?,Traditional_Knowledge
What WHO documents cover traditional medicine policy?,WHO_Guidance
Can universities have biodiversity compliance obligations?,Biodiversity_ABS
How can I identify the correct regulator for an herbal product?,Regulatory_Compliance
How can I protect my herbal invention with a patent?,Patentability
Can a new manufacturing process for herbal medicine receive patent protection?,Patentability
How does WHO address the use of medicinal plants?,WHO_Guidance
What should researchers know before accessing traditional knowledge?,Traditional_Knowledge
How do biodiversity rules affect commercialization of plant-based products?,Biodiversity_ABS
How can I apply for an AYUSH manufacturing license?,AYUSH_Licensing
What are the intellectual property concerns when using traditional herbal remedies?,Traditional_Knowledge
What does WHO say about herbal medicines?,WHO_Guidance
How can contamination affect herbal medicine safety?,Safety
What is the process for adding a product to an AYUSH manufacturing license?,AYUSH_Licensing
How can researchers ethically work with traditional knowledge holders?,Traditional_Knowledge
What does WIPO say about traditional knowledge holders?,WIPO_Guidance
What microbial safety checks are relevant to herbal products?,Safety
What legal concerns arise when traditional knowledge is commercially used?,Traditional_Knowledge
How can prior traditional knowledge affect patentability?,Traditional_Knowledge
What does WHO publish about traditional and complementary medicine?,WHO_Guidance
What WHO documents should I read about herbal medicines?,WHO_Guidance
What legal requirements apply to medicinal plant products?,Regulatory_Compliance
What is the WIPO framework for discussions about traditional knowledge?,WIPO_Guidance
What are the basic regulatory steps before manufacturing an Ayurvedic drug?,AYUSH_Licensing
How should companies approach traditional knowledge used in product development?,Traditional_Knowledge
What should I know about adverse reactions to herbal medicines?,Safety
How do I check whether my herbal invention is already patented?,Patentability
What requirements apply to an Ayurvedic drug manufacturing premises?,AYUSH_Licensing
What permissions may be needed to access a biological resource?,Biodiversity_ABS
How do I patent an herbal innovation?,Patentability
Can a technical improvement to an herbal product be patented?,Patentability
What tests can help detect harmful contaminants in herbal products?,Safety
What WHO resources cover traditional and complementary medicine?,WHO_Guidance
How does WHO provide guidance on traditional and complementary medicine?,WHO_Guidance
What safety documentation should be maintained for a herbal product?,Safety
Does the purpose of access affect biodiversity approval requirements?,Biodiversity_ABS
What compliance risks should an herbal startup identify?,Regulatory_Compliance
How does WHO discuss evidence-based traditional medicine?,WHO_Guidance
What should I do if I am uncertain about the regulatory status of an herbal product?,Regulatory_Compliance
What license is needed for manufacturing Siddha medicines?,AYUSH_Licensing
What is required to renew an AYUSH manufacturing license?,AYUSH_Licensing
What regulatory approvals might be needed for a traditional medicine product?,Regulatory_Compliance
What is WIPO's role in traditional knowledge?,WIPO_Guidance
What records can demonstrate regulatory compliance?,Regulatory_Compliance
Are there legal requirements for accessing biological resources for research?,Biodiversity_ABS
What toxicology information should be checked for a herbal product?,Safety
Can an improved herbal formulation qualify for a patent?,Patentability
What legal checks are needed before selling an herbal product?,Regulatory_Compliance
Can a new dosage form of an herbal product be patented?,Patentability
What does WHO say about quality assurance for herbal medicines?,WHO_Guidance
What does WHO recommend regarding traditional medicine?,WHO_Guidance
What WHO guidance is available on herbal medicine quality assurance?,WHO_Guidance
What WHO resources discuss herbal medicine production quality?,WHO_Guidance
What WHO information can help assess herbal medicine safety?,WHO_Guidance
How does WIPO address defensive protection of traditional knowledge?,WIPO_Guidance
What are common safety risks in herbal medicine production?,Safety
How can WIPO resources help with traditional knowledge research?,WIPO_Guidance
What should companies know about benefit sharing when using biological resources?,Biodiversity_ABS
How can pesticide residues affect the safety of medicinal plants?,Safety
What biodiversity requirements can apply to research institutions?,Biodiversity_ABS
How can traditional knowledge be documented?,Traditional_Knowledge
Where can I find official WIPO information about traditional knowledge?,WIPO_Guidance
How can patent examiners identify existing traditional knowledge?,Traditional_Knowledge
What WHO guidance is available on herbal medicine quality?,WHO_Guidance
Can a modification of an existing herbal product be patented?,Patentability
How can stability testing support herbal product safety?,Safety
How can I monitor regulatory changes affecting my herbal product?,Regulatory_Compliance
How does benefit sharing apply to biological resources?,Biodiversity_ABS
How do access rules relate to biological resources and traditional knowledge?,Biodiversity_ABS
What biodiversity permissions might be needed for product development?,Biodiversity_ABS
Does an herbal medicine manufacturer need an AYUSH license?,AYUSH_Licensing
Can interactions with other medicines create safety risks?,Safety
How can traditional knowledge holders protect their knowledge?,Traditional_Knowledge
How can I check whether a plant resource is regulated?,Biodiversity_ABS
Is a new herbal formulation eligible for patent protection?,Patentability
How can product classification affect regulatory compliance?,Regulatory_Compliance
What compliance requirements apply to herbal product manufacturing?,Regulatory_Compliance
What are the biodiversity rules for using biological resources?,Biodiversity_ABS
Can a process for preparing an herbal medicine be patented?,Patentability
How does WIPO address traditional knowledge databases?,WIPO_Guidance
What safety checks should be performed on a herbal product?,Safety
Can I manufacture Ayurvedic products under a third-party manufacturing arrangement?,AYUSH_Licensing
What documentation is useful for traditional medicinal knowledge?,Traditional_Knowledge
How can communities reduce the risk of unauthorized use of traditional knowledge?,Traditional_Knowledge
What does WIPO say about traditional knowledge?,WIPO_Guidance
What is the relationship between traditional knowledge and patents?,Traditional_Knowledge
What approvals may be required before commercializing a biological resource?,Biodiversity_ABS
Do traditional medicinal plants fall under biodiversity regulations?,Biodiversity_ABS
Can an AYUSH license cover more than one product?,AYUSH_Licensing
What compliance records should an herbal manufacturer maintain?,Regulatory_Compliance
What information is needed for biodiversity-related compliance?,Biodiversity_ABS
What safety information should be reviewed before commercializing an herbal formulation?,Safety
What rules should I check before exporting an herbal product?,Regulatory_Compliance
How can I find the official application process for an AYUSH license?,AYUSH_Licensing
How do I check the licensing requirements for my AYUSH product?,AYUSH_Licensing
Can incorrect identification of a plant create safety risks?,Safety
What documents prove compliance for an AYUSH manufacturing application?,AYUSH_Licensing
What should a safety assessment of a medicinal plant include?,Safety
What WIPO resources explain intellectual property and traditional knowledge?,WIPO_Guidance
What should I check before applying for an Ayurvedic drug manufacturing license?,AYUSH_Licensing
What role can intellectual property law play in protecting traditional knowledge?,Traditional_Knowledge
What license is required for an Ayurvedic product manufacturer?,AYUSH_Licensing
Can a laboratory-developed herbal formulation be patented?,Patentability
What patent protection may apply to a novel herbal technology?,Patentability
How can product traceability support herbal medicine safety?,Safety
What should be checked for contaminants in medicinal plant materials?,Safety
What permissions are needed before selling an Ayurvedic medicine?,AYUSH_Licensing
What regulations apply to this herbal product?,Regulatory_Compliance
What WHO publications discuss medicinal plants?,WHO_Guidance
What regulatory requirements should be reviewed during product development?,Regulatory_Compliance
What WIPO resources explain traditional knowledge in patent examination?,WIPO_Guidance
What should a company review before sourcing medicinal plants?,Biodiversity_ABS
How should potential toxicity be investigated in a herbal formulation?,Safety
How can laboratory testing support the safety of traditional medicines?,Safety
Can traditional knowledge be shared without authorization?,Traditional_Knowledge
What records are required for an AYUSH licensed manufacturer?,AYUSH_Licensing
What WIPO resources discuss community interests in traditional knowledge?,WIPO_Guidance
How can communities protect traditional medicinal practices?,Traditional_Knowledge
How does WIPO describe traditional knowledge protection mechanisms?,WIPO_Guidance
Can traditional knowledge be treated as prior art?,Traditional_Knowledge
How can I verify whether my product meets regulatory requirements?,Regulatory_Compliance
How does WIPO address traditional knowledge protection?,WIPO_Guidance
What rules may apply when biological resources are used commercially?,Biodiversity_ABS
How does WIPO discuss the relationship between patents and traditional knowledge?,WIPO_Guidance
What compliance issues should be reviewed before making health claims?,Regulatory_Compliance
Can traditional medicinal knowledge be used in a patent application?,Traditional_Knowledge
How do regulatory requirements affect herbal product commercialization?,Regulatory_Compliance
How can adulteration affect the safety of herbal medicines?,Safety
Can a new formulation developed in a university lab be patented?,Patentability
Can I patent a new extraction process for a medicinal plant?,Patentability
What does WIPO explain about defensive protection?,WIPO_Guidance
What documents may be relevant to an access and benefit-sharing application?,Biodiversity_ABS
What is the purpose of a traditional knowledge digital database?,Traditional_Knowledge
How can I identify possible contraindications for an herbal product?,Safety
What is the purpose of access and benefit sharing?,Biodiversity_ABS
What regulations affect the sale of herbal products?,Regulatory_Compliance
How can WIPO materials help identify intellectual property issues?,WIPO_Guidance
How can heavy metal contamination affect herbal medicine?,Safety
How does WHO discuss good practices for herbal medicines?,WHO_Guidance
Where can I find WHO guidance on herbal medicine quality control?,WHO_Guidance
What does WHO say about adverse reactions to herbal medicines?,WHO_Guidance
What should I include in a regulatory compliance checklist?,Regulatory_Compliance
Where can I find official WHO guidance on herbal medicines?,WHO_Guidance
How can I determine whether my project involves a biological resource?,Biodiversity_ABS
How does WHO address quality assurance for traditional medicines?,WHO_Guidance
How can raw material quality affect the safety of herbal medicines?,Safety
What is access and benefit sharing?,Biodiversity_ABS
How can I protect my traditional knowledge?,Traditional_Knowledge
What should I do if I am unsure whether my biological resource use is regulated?,Biodiversity_ABS
What does WHO say about traditional medicine systems?,WHO_Guidance
Can a new medicinal formulation be patented?,Patentability
What is traditional knowledge in intellectual property law?,Traditional_Knowledge
How should dosage-related safety be assessed for an herbal product?,Safety
What legal issues can arise from publishing traditional medicinal knowledge?,Traditional_Knowledge
How can I find WHO publications on traditional medicine?,WHO_Guidance
What patent issues should I check before commercializing an herbal invention?,Patentability
What safety tests should be considered before selling an herbal product?,Safety
Where can I find WIPO information about traditional medicine and intellectual property?,WIPO_Guidance
How can traditional knowledge help prevent biopiracy?,Traditional_Knowledge
What does WIPO say about the use of traditional knowledge in innovation?,WIPO_Guidance
How can I perform a regulatory compliance check for an herbal product?,Regulatory_Compliance
What WIPO information is available about traditional knowledge databases?,WIPO_Guidance
What does WIPO publish about intellectual property and traditional knowledge?,WIPO_Guidance
How can storage conditions affect herbal medicine safety?,Safety
How can I verify whether an AYUSH manufacturing license is valid?,AYUSH_Licensing
How does WIPO address benefit sharing and intellectual property?,WIPO_Guidance
Can research results from herbal product development be protected by a patent?,Patentability
What licensing requirements apply to an Ayurvedic startup?,AYUSH_Licensing
Where can I find WIPO information on genetic resources?,WIPO_Guidance
Are there safety concerns with using this medicinal plant?,Safety
How can traditional knowledge documentation support legal protection?,Traditional_Knowledge
How can I check compliance requirements for a herbal business?,Regulatory_Compliance
What should I check before giving an herbal product to consumers?,Safety
What legal protections may be available for traditional healing practices?,Traditional_Knowledge
How can I determine whether benefit sharing applies to my activity?,Biodiversity_ABS
What should I check when reviewing an herbal product for legal compliance?,Regulatory_Compliance
Can a manufacturing method be the subject of a patent application?,Patentability
What does WHO recommend about quality control of medicinal plant materials?,WHO_Guidance
Do small Ayurvedic manufacturers need a license?,AYUSH_Licensing
What WIPO resources cover genetic resources and associated traditional knowledge?,WIPO_Guidance
What permissions are required for an Ayurvedic medicine manufacturing plant?,AYUSH_Licensing
What is the role of community consent in traditional knowledge projects?,Traditional_Knowledge
What should I check before exporting biological resources?,Biodiversity_ABS
Does research using biological resources require biodiversity compliance?,Biodiversity_ABS
Can a new method of producing an herbal product be patented?,Patentability
How can prior patent documents affect my herbal invention?,Patentability
How should I document an invention before filing a patent?,Patentability
How should researchers check access requirements for medicinal plants?,Biodiversity_ABS
How can manufacturing hygiene affect herbal medicine safety?,Safety
Where can I find WIPO material about traditional medicine knowledge?,WIPO_Guidance
What regulatory requirements apply to herbal product packaging?,Regulatory_Compliance
How can traditional knowledge be used in prior-art searches?,Traditional_Knowledge
Does labeling affect the approval or licensing of an Ayurvedic product?,AYUSH_Licensing
How do I get an AYUSH manufacturing license?,AYUSH_Licensing
What should be checked before filing a patent involving traditional knowledge?,Traditional_Knowledge
What are the main areas of regulatory compliance for traditional medicine products?,Regulatory_Compliance
What WIPO publications discuss traditional knowledge?,WIPO_Guidance
What authority should I contact about biodiversity compliance?,Biodiversity_ABS
How can I assess the novelty of my herbal formulation?,Patentability
What WIPO guidance is useful before filing a patent involving traditional knowledge?,WIPO_Guidance
What role does documentation play in protecting traditional knowledge?,Traditional_Knowledge
What regulations apply to traditional medicine products?,Regulatory_Compliance
What does WHO recommend about quality control during herbal medicine production?,WHO_Guidance
Can I apply for a patent for an herbal product?,Patentability
What documents are needed for regulatory compliance?,Regulatory_Compliance
What does WHO recommend for quality control of herbal medicines?,WHO_Guidance
What are the safety requirements for this herbal medicine?,Safety
How can communities establish evidence of traditional knowledge?,Traditional_Knowledge
What official WIPO resources explain traditional knowledge and patents?,WIPO_Guidance
What protections are available for traditional medicine knowledge?,Traditional_Knowledge
What legal issues arise when biological resources are collected for research?,Biodiversity_ABS
How do I determine whether my product falls under AYUSH regulation?,AYUSH_Licensing
What should researchers consider before using community traditional knowledge?,Traditional_Knowledge
What license is needed for manufacturing Unani medicines?,AYUSH_Licensing
How can I search patent databases for similar herbal inventions?,Patentability
Can a new device used for herbal processing be patented?,Patentability
What legal requirements apply to advertising an herbal medicine?,Regulatory_Compliance
Can traditional knowledge be patented?,Traditional_Knowledge
How does WHO approach the safety of traditional medicine?,WHO_Guidance
Can I file a patent before launching my herbal product?,Patentability
What WIPO resources discuss prior art and traditional knowledge?,WIPO_Guidance
What should be considered when commercializing traditional medicinal knowledge?,Traditional_Knowledge
What legal requirements apply to herbal product labeling?,Regulatory_Compliance
What regulatory documents should be retained by an herbal manufacturer?,Regulatory_Compliance
Can commercial use of a biological resource trigger benefit sharing?,Biodiversity_ABS
What WIPO materials can support research on traditional medicine and IP?,WIPO_Guidance
What precautions are important when developing a new herbal formulation?,Safety
What regulatory approval is required for a traditional medicine manufacturing unit?,AYUSH_Licensing
What safety issues can arise from incorrect herbal dosage?,Safety
What safety controls should an herbal manufacturer maintain?,Safety
Can I get intellectual property protection for my herbal invention?,Patentability
What are the licensing steps for an Ayurvedic manufacturing facility?,AYUSH_Licensing
What are WIPO guidelines for traditional knowledge?,WIPO_Guidance
What does inventive step mean for an herbal patent application?,Patentability
What should I check before using a medicinal plant collected from India?,Biodiversity_ABS
What are the basic stages of filing a patent application?,Patentability
What WHO guidance exists for evaluating herbal medicines?,WHO_Guidance
What WIPO information should I read about traditional knowledge protection?,WIPO_Guidance
What consent issues may arise when researchers access traditional knowledge?,Traditional_Knowledge
How can I check whether an herbal product can legally be marketed?,Regulatory_Compliance
What does WHO say about evidence for traditional medicine?,WHO_Guidance
How can traditional knowledge be distinguished from a new invention?,Traditional_Knowledge
How can a community preserve its traditional medicinal knowledge?,Traditional_Knowledge
How can traditional knowledge databases help prevent wrongful patent claims?,Traditional_Knowledge
How can I verify official regulatory guidance for my product?,Regulatory_Compliance
How does WHO discuss traditional medicine practices?,WHO_Guidance
What regulatory requirements should I check for my herbal product?,Regulatory_Compliance
How does WHO discuss the safety and quality of traditional medicine products?,WHO_Guidance
What WHO information is available about herbal medicine safety?,WHO_Guidance
How does WIPO support protection of traditional cultural expressions?,WIPO_Guidance
What should I check about product classification before commercialization?,Regulatory_Compliance
What legal protection exists for traditional medicinal knowledge?,Traditional_Knowledge
When should I check biodiversity regulations for a research project?,Biodiversity_ABS
Why is an inventive step important in patent examination?,Patentability
How can benefit sharing relate to traditional knowledge?,Traditional_Knowledge
What is the relationship between biodiversity access and commercialization?,Biodiversity_ABS
What does WIPO provide on traditional knowledge and biodiversity?,WIPO_Guidance
What compliance issues should I consider before commercialization?,Regulatory_Compliance
How should the safety of a traditional medicine be evaluated?,Safety
Do I need a license to manufacture an Ayurvedic product?,AYUSH_Licensing
Is my herbal invention patentable?,Patentability
What intellectual property questions should I ask before filing a patent?,Patentability
What compliance requirements apply after getting an AYUSH license?,AYUSH_Licensing
How can traditional knowledge be protected from unauthorized patent claims?,Traditional_Knowledge
What should I search before submitting an herbal patent application?,Patentability
How can I identify the applicable regulations for my product?,Regulatory_Compliance
What licensing rules should I check before setting up an Ayurvedic factory?,AYUSH_Licensing
How does WIPO discuss prior art related to traditional knowledge?,WIPO_Guidance
What are the requirements for an Ayurvedic drug license?,AYUSH_Licensing
What WIPO material can help explain traditional knowledge protection to students?,WIPO_Guidance
What authorities regulate traditional medicine products in India?,Regulatory_Compliance
How can traditional knowledge influence patent examination?,Traditional_Knowledge
Does novelty matter when patenting an herbal invention?,Patentability
How does WIPO discuss patents involving traditional knowledge?,WIPO_Guidance
What quality requirements are relevant to AYUSH manufacturing licensing?,AYUSH_Licensing
What legal information should be verified before selling a medicinal product?,Regulatory_Compliance
What is meant by access and benefit-sharing obligations?,Biodiversity_ABS
What WIPO resources are relevant to traditional medicine intellectual property?,WIPO_Guidance
How can WHO publications help with herbal medicine research?,WHO_Guidance
Can herbal products have interactions with prescription medicines?,Safety
What does WIPO say about patents and traditional knowledge?,WIPO_Guidance
What WHO guidance exists for medicinal plant quality?,WHO_Guidance
How does WIPO describe intellectual property issues involving genetic resources?,WIPO_Guidance
How can traditional knowledge be preserved for future generations?,Traditional_Knowledge
What approval is needed for an Ayurvedic manufacturing unit?,AYUSH_Licensing
What license is required to manufacture Ayurvedic medicine?,AYUSH_Licensing
What should I document when accessing biological resources for research?,Biodiversity_ABS
How can biodiversity compliance be incorporated into an herbal product project?,Biodiversity_ABS
What WHO resources discuss safety evaluation of traditional medicine?,WHO_Guidance
What biodiversity concerns should be considered in herbal research?,Biodiversity_ABS
What biodiversity rules should an herbal startup understand?,Biodiversity_ABS
What documents are needed for an AYUSH manufacturing license?,AYUSH_Licensing
Can improvements to an existing formulation have patent protection?,Patentability
How does WIPO approach traditional knowledge in intellectual property discussions?,WIPO_Guidance
What is the connection between traditional knowledge and biodiversity?,Traditional_Knowledge
How can I determine whether my herbal product complies with the law?,Regulatory_Compliance
How do I determine whether my invention is new?,Patentability
What does WIPO say about documenting traditional knowledge?,WIPO_Guidance
What is the role of the National Biodiversity Authority?,Biodiversity_ABS
How can I keep an herbal product compliant after launch?,Regulatory_Compliance
What legal checks should be done before collecting a medicinal plant?,Biodiversity_ABS
What legal checks apply to online sales of herbal products?,Regulatory_Compliance
What WIPO resources discuss genetic resources and patents?,WIPO_Guidance
What laws should an herbal product developer review?,Regulatory_Compliance
What WIPO materials can help researchers understand traditional knowledge?,WIPO_Guidance
Do I need biodiversity approval for using this plant?,Biodiversity_ABS
What is the importance of quality control for herbal medicine safety?,Safety
How do I comply with biodiversity regulations?,Biodiversity_ABS
How does WHO address traditional medicine safety?,WHO_Guidance
Is this herbal product safe for human consumption?,Safety
What does WHO say about contaminants in herbal medicines?,WHO_Guidance
What inspections may be associated with an AYUSH manufacturing license?,AYUSH_Licensing
What does WIPO say about intellectual property and genetic resources?,WIPO_Guidance
How can communities document knowledge about medicinal plants?,Traditional_Knowledge
How can batch testing help with herbal product safety?,Safety
What WHO material should I consult for information about herbal medicines?,WHO_Guidance
What information is needed to file a patent application?,Patentability
Can the use of a biological resource create benefit-sharing obligations?,Biodiversity_ABS
What documents should I keep ready for an AYUSH license application?,AYUSH_Licensing
What tests are relevant for assessing herbal product safety?,Safety
How do labeling requirements affect herbal product compliance?,Regulatory_Compliance
How can WIPO guidance help with an IP research project involving traditional knowledge?,WIPO_Guidance
How can I assess the safety of an herbal formulation?,Safety
Does using an Indian biological resource create access and benefit sharing obligations?,Biodiversity_ABS
What is access and benefit sharing under biodiversity regulations?,Biodiversity_ABS
When does the National Biodiversity Authority become relevant to a biological resource?,Biodiversity_ABS
Do I need biodiversity approval before commercializing a medicinal plant collected in India?,Biodiversity_ABS
What are the benefit sharing requirements for using an Indian medicinal plant?,Biodiversity_ABS
Does access to a biological resource for research trigger ABS requirements?,Biodiversity_ABS
What role does the NBA play when biological resources are used commercially?,Biodiversity_ABS
What is the connection between genetic resources and access and benefit sharing?,Biodiversity_ABS
Are biological resources obtained from India subject to biodiversity compliance?,Biodiversity_ABS
How does benefit sharing apply to traditional medicinal plants?,Biodiversity_ABS
What should an innovator check with the National Biodiversity Authority?,Biodiversity_ABS
Does commercial use of an Indian biological resource require ABS compliance?,Biodiversity_ABS
What permissions may be required for accessing biological resources in India?,Biodiversity_ABS
How are benefits shared when biological resources are commercially utilized?,Biodiversity_ABS
What biodiversity compliance should be checked before using a medicinal herb?,Biodiversity_ABS
How can traditional Ayurvedic knowledge affect a patent application?,Traditional_Knowledge
How is traditional knowledge documented for intellectual property purposes?,Traditional_Knowledge
What is the role of TKDL in protecting traditional knowledge?,Traditional_Knowledge
Can previously documented traditional knowledge be considered prior art?,Traditional_Knowledge
Why is provenance important when documenting traditional knowledge?,Traditional_Knowledge
How can an Ayurveda formulation be distinguished from existing traditional knowledge?,Traditional_Knowledge
What intellectual property concerns arise from traditional medicinal knowledge?,Traditional_Knowledge
How does traditional knowledge influence novelty assessment?,Traditional_Knowledge
What factors should be checked before filing a patent for a new herbal formulation?,Patentability
How do novelty and inventive step affect patentability of an Ayurvedic invention?,Patentability
Can a novel extraction process for a medicinal plant be patented?,Patentability
How should prior art be searched before applying for an herbal patent?,Patentability
What makes a new herbal formulation potentially patentable?,Patentability
Can an improved manufacturing method for an Ayurvedic product qualify for a patent?,Patentability
What patentability requirements apply to a new botanical composition?,Patentability
