label,text
Patentability,I created a different way to process Ashwagandha. Can I protect it?
Patentability,I invented a new extraction process for a medicinal plant. What IP protection could apply?
Patentability,I developed a technical improvement to an herbal formulation. Could it qualify for patent protection?
Patentability,How can I check whether my herbal invention is genuinely new?
Patentability,I have a new manufacturing method for an herbal product. What should I investigate before filing?
Patentability,I created a new technical process involving a plant extract. Can I explore patent protection?
Patentability,What should I examine before trying to protect my herbal invention?
Patentability,How can I investigate prior art for a new herbal process?
Patentability,I made a new dosage form for an herbal medicine. Could the improvement be protected?
Patentability,My herbal process is different from known methods. How can I assess its novelty?
Patentability,I want to stop others from copying my new herbal manufacturing technique. What IP route should I explore?
Patentability,What information would help me assess the patent potential of my herbal invention?
Traditional_Knowledge,I learned a medicinal formulation from traditional practitioners. How should the knowledge be treated?
Traditional_Knowledge,How can communities protect knowledge passed down about medicinal plants?
Traditional_Knowledge,What can be done to document traditional knowledge about a herb?
Traditional_Knowledge,A remedy has been used by a community for generations. How can that knowledge be recorded?
Traditional_Knowledge,How can traditional medicinal knowledge be preserved without losing its community context?
Traditional_Knowledge,How can knowledge holders reduce unauthorized use of their traditional practices?
Traditional_Knowledge,What should researchers record when working with community-held medicinal knowledge?
Traditional_Knowledge,How can a community document its traditional use of a medicinal plant?
Traditional_Knowledge,How can traditional medicinal practices be preserved as documented knowledge?
Traditional_Knowledge,How can researchers distinguish traditional knowledge from a newly developed invention?
Traditional_Knowledge,What steps can help document community knowledge about herbal remedies?
Traditional_Knowledge,How can traditional knowledge holders maintain control over information about medicinal practices?
Biodiversity_ABS,I want to collect a medicinal plant from India for product development. What biodiversity checks should I consider?
Biodiversity_ABS,I am using an Indian biological resource in research. Could access and benefit sharing become relevant?
Biodiversity_ABS,"Before commercializing a product based on a biological resource, what biodiversity requirements should I investigate?"
Biodiversity_ABS,Do I need to check biodiversity permissions before collecting a medicinal plant?
Biodiversity_ABS,What should a company consider when using a biological resource in product development?
Biodiversity_ABS,I am researching a plant collected from India. What access-related obligations might apply?
Biodiversity_ABS,How can I determine whether my use of a biological resource raises benefit-sharing issues?
Biodiversity_ABS,What legal checks should I make before using a local medicinal plant for research?
Biodiversity_ABS,I plan to develop a product using a biological resource. What biodiversity review should I do first?
Biodiversity_ABS,Could using a plant resource create access and benefit-sharing obligations?
Biodiversity_ABS,What should I document when accessing biological resources for a research project?
Biodiversity_ABS,What role does the National Biodiversity Authority have in access and benefit-sharing matters?
AYUSH_Licensing,What license may be needed to manufacture an Ayurvedic medicine?
AYUSH_Licensing,I want to start an Ayurvedic manufacturing unit. What licensing documents should I prepare?
AYUSH_Licensing,What approval is generally associated with manufacturing an AYUSH product?
AYUSH_Licensing,I plan to manufacture a traditional medicine product. What AYUSH licensing route should I investigate?
AYUSH_Licensing,What quality requirements are relevant when applying for an AYUSH manufacturing license?
AYUSH_Licensing,What documents should an Ayurvedic manufacturer keep ready for licensing?
AYUSH_Licensing,Are inspections relevant to an AYUSH manufacturing license?
AYUSH_Licensing,Can an Ayurvedic product be manufactured through a third-party arrangement?
AYUSH_Licensing,I want to manufacture herbal medicines. What AYUSH license information should I check?
AYUSH_Licensing,What manufacturing requirements are connected with an AYUSH license?
AYUSH_Licensing,What should I know before applying for an Ayurvedic manufacturing license?
AYUSH_Licensing,How can I prepare for requirements associated with an AYUSH manufacturing license?
Regulatory_Compliance,What legal checks should I make before selling my herbal product?
Regulatory_Compliance,How can I determine whether an herbal product complies with applicable requirements?
Regulatory_Compliance,What should a company review before launching a medicinal product?
Regulatory_Compliance,What compliance issues should I consider when selling herbal products online?
Regulatory_Compliance,How can I keep an herbal product compliant after it reaches the market?
Regulatory_Compliance,What records can help demonstrate compliance for an herbal product?
Regulatory_Compliance,What laws and requirements should an herbal product developer review?
Regulatory_Compliance,How can product classification affect the compliance requirements for my product?
Regulatory_Compliance,What should I verify before commercializing a herbal product?
Regulatory_Compliance,What documentation should I maintain to support ongoing compliance?
Regulatory_Compliance,What regulatory questions should I ask before launching a new herbal product?
Regulatory_Compliance,How can I identify the main compliance obligations affecting my herbal product?
Safety,How can I assess whether an herbal formulation is safe for people?
Safety,What safety checks should be performed before using a herbal product?
Safety,Could a plant extract create health risks that need to be evaluated?
Safety,What toxicology information should I review for an herbal product?
Safety,How can interactions with prescription medicines affect herbal product safety?
Safety,What tests can help evaluate the safety of a herbal formulation?
Safety,How can batch testing support herbal product safety?
Safety,What risks should I consider before human use of an herbal product?
Safety,How can contamination affect the safety of medicinal plants?
Safety,What should I investigate if an herbal product may cause adverse effects?
Safety,How can I evaluate possible side effects of a herbal formulation?
Safety,How can I assess the potential risks of a new herbal formulation?
WHO_Guidance,What WHO guidance is available for herbal medicines?
WHO_Guidance,Where can I find WHO material on traditional medicine?
WHO_Guidance,What does WHO say about the quality of herbal medicines?
WHO_Guidance,Which WHO publications can help with herbal medicine research?
WHO_Guidance,What WHO guidance exists on safety evaluation of traditional medicine?
WHO_Guidance,How does WHO address quality assurance for herbal medicines?
WHO_Guidance,What WHO resources discuss medicinal plant quality?
WHO_Guidance,Where should I look for WHO information on herbal medicine production quality?
WHO_Guidance,What WHO material can help me understand traditional medicine safety?
WHO_Guidance,Does WHO provide guidance related to herbal medicine quality control?
WHO_Guidance,What WHO publications discuss contaminants in herbal medicines?
WHO_Guidance,Which WHO documents discuss quality and safety of herbal medicines?
WIPO_Guidance,What does WIPO say about intellectual property and traditional knowledge?
WIPO_Guidance,Where can I find WIPO material on genetic resources and patents?
WIPO_Guidance,What WIPO resources discuss traditional knowledge?
WIPO_Guidance,How does WIPO address intellectual property issues involving genetic resources?
WIPO_Guidance,Which WIPO materials can help researchers studying traditional knowledge?
WIPO_Guidance,What does WIPO say about patents involving traditional knowledge?
WIPO_Guidance,Where can I find official WIPO information about traditional knowledge?
WIPO_Guidance,How can WIPO guidance help with an IP research project involving traditional medicine?
WIPO_Guidance,What WIPO information is relevant to documenting traditional knowledge?
WIPO_Guidance,Which WIPO publications discuss patents and genetic resources?
WIPO_Guidance,How can I use WIPO resources to research traditional knowledge and IP?
WIPO_Guidance,What WIPO guidance is relevant to traditional medicine intellectual property?
